review,rating,sentiment
It was nice produt. I like it's design a lot.  It's easy to carry and  Looked stylish.READ MORE,5,1
awesome sound....very pretty to see this nd the sound quality was too good I wish to take this product loved this product .,4,1
"awesome sound quality. pros 7-8 hrs of battery life (including 45 mins approx call time)Awesome sound output. Bass and treble are really very clear without equaliser. With equaliser, sound wary depends on the handset sound quality.Weightless to carry and in head tooMic is good, but in traffic it is not too good (3.25/5)3.5mm Option is really important to mention. Really expecting other leading brands to implement this.ConsVery tight in ears. adjusters are ok .. this ll be very tight...READ MORE",4,1
I think it is such a good product not only as per the quality but also the design is quite good . I m using this product from January ... In this pandamic situation it has became the most useful and helpful . Overall the bass and the sound quality is pretty good and another thing that will give you such a sigh of relief that it will provide a wire that will help you in case of lacking charges.READ MORE,3,0
awesome bass sound quality very good bettary long life  and I have a purchase Rs.999  only really grateful product don't forget to likeREAD MORE,4,1
"Awsome sound powerful bass battery backup is also excellent and i loved bass the most and I'm huge lover of music and the most bass design and build is also very nice,and this was my first time when i bought and headphone or and electronics item and glad to say on the first time only i loved it üòç üòç üòç  it's a very excellent product.         Thanks boat for making such a nice product keep making such and the most Thanks to flipkart team for delivering such a nice product by risking there lif...READ MORE",2,0
This product sound is clear and excellent bass. Obviously this is a good product valuable from money. so guys any no daut this is a really good product.....READ MORE,5,1
Should u buy this---Pros:-1. Sound quality and build quality is awesome2. Bluetooth connectivity is average3. Bass is clear and High . Battery Backup is very good5. U can use this as wire Headphone when u have no charge on headphone..(This is good)Cron:-1. If u use it for too long u can feel the pain in ur ear2. its on the ear not over the ear...if u need over the ear at this price go for Moto puls maxFinal opinion:---If u want good sound quality.. good bass and a wireless head...READ MORE,3,0
"First of all, I want to talk about sound quality. The sound quality is best for this price segment. Bass is really punchy, mids are also good, but on high volumes, the sound cracks a bit,  otherwise it is really nice. 9/10.Then come the build quality. The build quality too is amazing. You cant get better headphones than these. They are sturdy and very light, made out of very good quality plastic. 9.5/10.The thing I didn't like was that they are a bit tight. Sometimes, they become uncomforta...READ MORE",3,0
Good looking Super Fine clear Sound and power full bassREAD MORE,1,0
"The headphone have the best bass and perfect to fit and fixed the on the head.....that mi a1 provide large range of Bluetooth.....and mic working fine on Bluetooth,wire also....READ MORE",4,1
great looks n very light weight sound is very cool but design is ok ok. the ears couf is cheaper in quality.. after 15 minutes you feel pain in ur ears n sweating. sound quality is excellent n base is awesome.. it is value for money in this price range thanks to flipkart for this... calling feature is also very poor.READ MORE,4,1
"I am using this headphone since 6 months, great bass I am a songs lover and like to listen all types of song, this headphone is great for all kind of music from trance or edm to hindi old song and great battery life tooo great buy bole to Paisa VasooooolREAD MORE",4,1
Sound quality is good. But cannot wear it for more than 10 minutes. It's sooo uncomfortable. My ears start paining because of its small size. I feel like somebody is pressing my ears from both the sides with great force. Boat needs to improve its design.READ MORE,1,0
"product high, quality good",4,1
"bad product, service poor",2,0
"amazing product ,cost effective",3,0
wonderful item,4,1
"product excellent wonderful, amazing",4,1
good machine,5,1
